verity_vllm/engine/profiles/gen_ov_easy_family.py	61	comp	ServeUntied	1	noreg
verity_vllm/observe/fold/fold.py	1191	comp	Captured	1	noreg
verity_vllm/program/compact.py	442	comp	f:f'{name}'	?:int(ver)	noreg
verity_vllm/program/frontend/derive.py	736	comp	f:f'Derived[{name}]'	1	noreg
verity_vllm/program/frontend/examples.py	100	comp	NormedRow	1	noreg
verity_vllm/program/frontend/examples.py	143	comp	F	1	noreg
verity_vllm/program/frontend/examples.py	146	comp	Top	1	noreg
verity_vllm/program/frontend/rules/family.py	558	comp	DeriveOracleDecoderLayer	1	noreg
verity_vllm/program/frontend/rules/ref_kinds.py	31	comp	DeriveRefBf16ToF32	1	noreg
verity_vllm/program/frontend/rules/ref_kinds.py	33	comp	DeriveRefF32ToBf16Rn	1	noreg
verity_vllm/program/frontend/torch_frontend.py	583	comp	?:self.name	?:version	reg
verity_vllm/program/registry/b1.py	132	comp	DotBf16	1	reg
verity_vllm/program/registry/b1.py	142	comp	GemmCoordinate	1	reg
verity_vllm/program/registry/b1.py	149	comp	Gemm	1	reg
verity_vllm/program/registry/b1.py	156	comp	BiasAdd	1	reg
verity_vllm/program/registry/b1.py	163	comp	ResidualAdd	1	reg
verity_vllm/program/registry/b1.py	170	comp	Bf16MulScalarTensor	1	reg
verity_vllm/program/registry/b1.py	198	comp	RMSNormTriton	1	reg
verity_vllm/program/registry/b1.py	271	comp	RMSNormFusedCuda	1	reg
verity_vllm/program/registry/b1.py	305	comp	RMSNormFusedCuda	2	reg
verity_vllm/program/registry/b1.py	346	comp	RoPEHead	1	reg
verity_vllm/program/registry/b1.py	358	comp	RoPE	1	reg
verity_vllm/program/registry/b1.py	365	comp	SiluMul	1	reg
verity_vllm/program/registry/b1.py	428	comp	AttnBlock	1	reg
verity_vllm/program/registry/b1.py	486	comp	AttentionHead	1	reg
verity_vllm/program/registry/b1.py	524	comp	Attention	1	reg
verity_vllm/program/registry/b1.py	547	comp	Embedding	1	reg
verity_vllm/program/registry/b1.py	555	comp	ArgmaxStep	1	reg
verity_vllm/program/registry/b1.py	568	comp	TokenSelect	1	reg
verity_vllm/program/registry/b1.py	613	comp	LayerPre	1	reg
verity_vllm/program/registry/b1.py	641	comp	LayerPost	1	reg
verity_vllm/program/registry/b1.py	660	comp	Final	1	reg
verity_vllm/program/registry/b1.py	701	comp	Serve	1	reg
verity_vllm/program/registry/b1.py	743	comp	AttnBlock	3	reg
verity_vllm/program/registry/b1.py	801	comp	AttentionHead	3	reg
verity_vllm/program/registry/b1.py	840	comp	Attention	3	reg
verity_vllm/program/registry/b1.py	885	comp	Serve	4	reg
verity_vllm/program/registry/b1.py	1010	comp	DotBf16	2	reg
verity_vllm/program/registry/b1.py	1021	comp	GemmCoordinate	2	reg
verity_vllm/program/registry/b1.py	1028	comp	Gemm	2	reg
verity_vllm/program/registry/b1.py	1035	comp	AttnBlock	2	reg
verity_vllm/program/registry/b1.py	1088	comp	AttentionHead	2	reg
verity_vllm/program/registry/b1.py	1127	comp	Attention	2	reg
verity_vllm/program/registry/b1.py	1152	comp	LayerPre	2	reg
verity_vllm/program/registry/b1.py	1178	comp	LayerPost	2	reg
verity_vllm/program/registry/b1.py	1197	comp	Final	2	reg
verity_vllm/program/registry/b1.py	1237	comp	Serve	2	reg
verity_vllm/program/registry/b1.py	105	prim	f:f'Const{w}[0x{bits:0{w // 4}x}]'	1	reg
verity_vllm/program/registry/b1_tp2.py	98	comp	AllReduce2	1	reg
verity_vllm/program/registry/b1_tp2.py	109	comp	AllGather2	1	reg
verity_vllm/program/registry/b1_tp2.py	136	comp	AllReduce	2	reg
verity_vllm/program/registry/b1_tp2.py	155	comp	AllGather	1	reg
verity_vllm/program/registry/b1_tp2.py	180	comp	EmbeddingShard	1	reg
verity_vllm/program/registry/b1_tp2.py	207	comp	EmbeddingTP2	1	reg
verity_vllm/program/registry/b1_tp2.py	227	comp	LayerPreTP2	1	reg
verity_vllm/program/registry/b1_tp2.py	267	comp	AttentionTP2	1	reg
verity_vllm/program/registry/b1_tp2.py	290	comp	LayerPostTP2	1	reg
verity_vllm/program/registry/b1_tp2.py	322	comp	FinalTP2	1	reg
verity_vllm/program/registry/b1_tp2.py	365	comp	ServeTP2	1	reg
verity_vllm/program/registry/crosscheck.py	28	comp	Standalone	1	noreg
verity_vllm/program/registry/dense.py	56	comp	SquareBf16	1	reg
verity_vllm/program/registry/dense.py	70	comp	SquareF32	1	reg
verity_vllm/program/registry/dense.py	135	comp	MeanTriton	1	reg
verity_vllm/program/registry/dense.py	169	comp	AddScalarF32	1	reg
verity_vllm/program/registry/dense.py	184	comp	AddScalarBf16	1	reg
verity_vllm/program/registry/dense.py	201	comp	AddWidenedBf16	1	reg
verity_vllm/program/registry/dense.py	219	comp	RsqrtF32	1	reg
verity_vllm/program/registry/dense.py	234	comp	ScaleRowBf16	1	reg
verity_vllm/program/registry/dense.py	249	comp	ScaleRowF32	1	reg
verity_vllm/program/registry/dense.py	262	comp	MulVecF32	1	reg
verity_vllm/program/registry/dense.py	277	comp	NarrowF32ToBf16	1	reg
verity_vllm/program/registry/dense.py	300	comp	Bf16DivScalar	1	reg
verity_vllm/program/registry/dense.py	344	prim	TanhF32Rn	1	reg
verity_vllm/program/registry/dense.py	359	comp	Bf16Tanh	1	reg
verity_vllm/program/registry/dense.py	375	comp	Bf16MulScalar	1	reg
verity_vllm/program/registry/dense.py	437	prim	GeluTanhMulBf16	1	reg
verity_vllm/program/registry/dense.py	454	comp	GeluTanhMul	1	reg
verity_vllm/program/registry/dense.py	501	comp	AttnBlockSoftcap	1	reg
verity_vllm/program/registry/dense.py	559	comp	AttentionHeadSoftcap	1	reg
verity_vllm/program/registry/dense.py	597	comp	AttentionSoftcap	1	reg
verity_vllm/program/registry/fp8.py	83	prim	F32Fabs	1	reg
verity_vllm/program/registry/fp8.py	111	prim	F32Fmaxf	1	reg
verity_vllm/program/registry/fp8.py	117	prim	F32Fminf	1	reg
verity_vllm/program/registry/fp8.py	168	prim	F32ToE4m3Sat	1	reg
verity_vllm/program/registry/fp8.py	182	prim	HopperE4m3QgmmaDot32	1	reg
verity_vllm/program/registry/fp8.py	220	comp	Fp8RowAbsMax	1	reg
verity_vllm/program/registry/fp8.py	241	comp	Fp8RowScale	1	reg
verity_vllm/program/registry/fp8.py	247	comp	Fp8ActQuant	1	reg
verity_vllm/program/registry/fp8.py	264	comp	DotE4m3	1	reg
verity_vllm/program/registry/fp8.py	276	comp	ScaledMmFp8Coordinate	1	reg
verity_vllm/program/registry/fp8.py	292	comp	ScaledMmFp8	1	reg
verity_vllm/program/registry/fp8.py	307	comp	QuantLinearFp8	1	reg
verity_vllm/program/registry/fp8.py	357	comp	Fp8GroupScale	1	reg
verity_vllm/program/registry/fp8.py	367	comp	Fp8GroupQuant	1	reg
verity_vllm/program/registry/fp8.py	386	comp	ScaledMmFp8BlockCoordinate	1	reg
verity_vllm/program/registry/fp8.py	405	comp	ScaledMmFp8Block	1	reg
verity_vllm/program/registry/fp8.py	452	comp	LayerPreFp8	1	reg
verity_vllm/program/registry/fp8.py	481	comp	LayerPostFp8	1	reg
verity_vllm/program/registry/fp8.py	514	comp	ServeFp8	1	reg
verity_vllm/program/registry/hopper.py	71	prim	HopperBF16WgmmaDot16	1	reg
verity_vllm/program/registry/hopper.py	83	prim	Fa3InvSum	1	reg
verity_vllm/program/registry/hopper.py	132	comp	?:name	1	reg
verity_vllm/program/registry/lifted.py	1366	comp	Prefill	1	reg
verity_vllm/program/registry/lifted.py	1386	comp	StepBody	1	reg
verity_vllm/program/registry/lifted.py	1524	comp	LServe	2	reg
verity_vllm/program/registry/lifted.py	1975	comp	LiftedRequest	2	noreg
verity_vllm/program/registry/lifted.py	264	prim	f:f'Lifted[{p.id}]'	1	reg
verity_vllm/program/registry/lifted.py	336	prim	f:f'Lifted[{original_id}]'	?:LIFT_VERSION	reg
verity_vllm/program/registry/lifted.py	1184	comp	f:f'Lifted[{defn.id}]'	?:LIFT_VERSION	reg
verity_vllm/program/registry/lifted.py	1953	comp	?:fn.defn.name	?:fn.defn.version	noreg
verity_vllm/program/registry/lifted.py	410	prim	f:f'LSelect{w}'	1	reg
verity_vllm/program/registry/lifted.py	427	prim	f:f'LIsActive{w}'	1	reg
verity_vllm/program/registry/lifted.py	452	prim	LEnable	1	reg
verity_vllm/program/registry/lifted.py	463	prim	f:f'LBot{w}'	1	reg
verity_vllm/program/registry/lifted.py	542	prim	f:f'LGatherRow{w}x{N}'	1	reg
verity_vllm/program/registry/lifted.py	599	prim	f:f'LFixedSelect{E}x{w}'	1	reg
verity_vllm/program/registry/lifted.py	624	prim	f:f'LStepLive{E}'	1	reg
verity_vllm/program/registry/lifted.py	656	prim	f:f'LIsEOS{E}'	1	reg
verity_vllm/program/registry/lifted.py	677	prim	f:f'LEmitNext[H={H}]'	1	reg
verity_vllm/program/registry/lifted.py	781	prim	f:f'SplitsForSMS{int(num_sms)}'	1	reg
verity_vllm/program/registry/lifted.py	817	prim	f:f'LSplitsForSMS{int(num_sms)}'	1	reg
verity_vllm/program/registry/lifted.py	1219	comp	f:f'Lifted[{sp.defn.id}]'	?:LIFT_VERSION	noreg
verity_vllm/program/registry/lifted.py	2296	prim	f:f'LiveCount{R}'	1	reg
verity_vllm/program/registry/moe.py	49	prim	F32Sat	1	reg
verity_vllm/program/registry/moe.py	91	prim	F32FmaRm	1	reg
verity_vllm/program/registry/moe.py	117	prim	F32Neg	1	reg
verity_vllm/program/registry/moe.py	123	prim	F32BitsShl23	1	reg
verity_vllm/program/registry/moe.py	150	comp	NvExpf	1	reg
verity_vllm/program/registry/moe.py	179	prim	F32IsFinite	1	reg
verity_vllm/program/registry/moe.py	206	comp	RouterArgmaxStep	1	reg
verity_vllm/program/registry/moe.py	220	comp	MoeRouterTopK	1	reg
verity_vllm/program/registry/moe.py	272	comp	MoeRouterTopKNorm	1	reg
verity_vllm/program/registry/moe.py	298	comp	MoeExpertRow	1	reg
verity_vllm/program/registry/moe.py	307	comp	MoeExpertCoordinate	1	reg
verity_vllm/program/registry/moe.py	322	comp	MoeExpertGemm	1	reg
verity_vllm/program/registry/moe.py	330	comp	MoeExpertCoordinateW	1	reg
verity_vllm/program/registry/moe.py	342	comp	MoeExpertGemmW	1	reg
verity_vllm/program/registry/moe.py	357	comp	MoeSumCoordinate	1	reg
verity_vllm/program/registry/moe.py	366	comp	MoeSum	1	reg
verity_vllm/program/registry/moe_pad.py	70	comp	MoeSlotDownCoordinate	1	reg
verity_vllm/program/registry/moe_pad.py	80	comp	MoeSlotDown	1	reg
verity_vllm/program/registry/moe_pad.py	87	comp	MoeExpertBody	1	reg
verity_vllm/program/registry/moe_pad.py	144	comp	LMoeBlock	1	reg
verity_vllm/program/registry/moe_pad.py	189	comp	LMoeFfn	1	reg
verity_vllm/program/registry/moe_pad.py	197	comp	MoeFfnFixed	1	reg
verity_vllm/program/registry/moe_pad.py	256	comp	LMoeBlockL	1	reg
verity_vllm/program/registry/moe_pad.py	263	comp	LMoeFfnL	1	reg
verity_vllm/program/registry/moe_pad.py	270	comp	MoeFfnFixedL	1	reg
verity_vllm/program/registry/pad_prims.py	49	prim	BitAnd	1	reg
verity_vllm/program/registry/pad_prims.py	56	prim	BitNot	1	reg
verity_vllm/program/registry/prims.py	178	prim	Bf16ToF32	1	reg
verity_vllm/program/registry/prims.py	184	prim	F32ToBf16Rn	1	reg
verity_vllm/program/registry/prims.py	194	prim	F2fpBf16	1	reg
verity_vllm/program/registry/prims.py	210	prim	F32Add	1	reg
verity_vllm/program/registry/prims.py	216	prim	F32Mul	1	reg
verity_vllm/program/registry/prims.py	222	prim	F32Fma	1	reg
verity_vllm/program/registry/prims.py	228	prim	F32Div	1	reg
verity_vllm/program/registry/prims.py	234	prim	F32AddFtz	1	reg
verity_vllm/program/registry/prims.py	240	prim	F32SubFtz	1	reg
verity_vllm/program/registry/prims.py	246	prim	F32MulFtz	1	reg
verity_vllm/program/registry/prims.py	252	prim	F32FmaFtz	1	reg
verity_vllm/program/registry/prims.py	258	prim	F32FmaSubFtz	1	reg
verity_vllm/program/registry/prims.py	264	prim	F32Max	1	reg
verity_vllm/program/registry/prims.py	270	prim	GuardNegInfZero	1	reg
verity_vllm/program/registry/prims.py	281	prim	Bf16Add	1	reg
verity_vllm/program/registry/prims.py	287	prim	Bf16AddF2fp	1	reg
verity_vllm/program/registry/prims.py	293	prim	Bf16MulF32	1	reg
verity_vllm/program/registry/prims.py	299	prim	Bf16MulBf16	1	reg
verity_vllm/program/registry/prims.py	321	prim	SiluMulBf16	1	reg
verity_vllm/program/registry/prims.py	329	prim	RopeOut	1	reg
verity_vllm/program/registry/prims.py	338	prim	RopeOutAdd	1	reg
verity_vllm/program/registry/prims.py	376	prim	AmpereBF16TcDot16	1	reg
verity_vllm/program/registry/prims.py	405	prim	MufuEx2Ftz	1	reg
verity_vllm/program/registry/prims.py	412	prim	MufuRcpFtz	1	reg
verity_vllm/program/registry/prims.py	419	prim	Fa2InvSum	1	reg
verity_vllm/program/registry/prims.py	427	prim	MufuSqrtFtz	1	reg
verity_vllm/program/registry/prims.py	434	prim	DivFullRcp	1	reg
verity_vllm/program/registry/prims.py	456	prim	DivFullScaleA	1	reg
verity_vllm/program/registry/prims.py	469	prim	RsqrtApprox	1	reg
verity_vllm/program/registry/prims.py	627	prim	MufuTanh	1	reg
verity_vllm/program/registry/prims.py	670	prim	I32Le	1	reg
verity_vllm/program/registry/prims.py	678	prim	I32Add	1	reg
verity_vllm/program/registry/prims.py	684	prim	I32Eq	1	reg
verity_vllm/program/registry/prims.py	689	prim	SelectF32	1	reg
verity_vllm/program/registry/prims.py	695	prim	SelectBf16	1	reg
verity_vllm/program/registry/prims.py	700	prim	SelectI32	1	reg
verity_vllm/program/registry/prims.py	705	prim	Bf16GtStrict	1	reg
verity_vllm/program/registry/prims.py	733	prim	f:f'GatherBf16x{vocab}'	1	reg
verity_vllm/program/registry/quarantine/collective/allreduce.py	59	comp	AllReduceSumBf16Elem	1	reg
verity_vllm/program/registry/quarantine/collective/allreduce.py	78	comp	AllReduceSumBf16	1	reg
verity_vllm/program/registry/quarantine/ln/gelu_erf.py	13	comp	GeluErf	1	reg
verity_vllm/program/registry/quarantine/ln/gelu_erf_bf16.py	32	prim	GeluErfBf16	1	reg
verity_vllm/program/registry/quarantine/ln/layer_norm_aten.py	136	comp	LayerNormAten	1	reg
verity_vllm/program/registry/quarantine/ov_sampling/gumbel.py	65	comp	GumbelArgmaxStep	1	reg
verity_vllm/program/registry/quarantine/ov_sampling/gumbel.py	80	comp	GumbelArgmaxBf16	1	reg
verity_vllm/program/registry/quarantine/ov_sampling/gumbel.py	99	comp	GumbelArgmaxTempStep	1	reg
verity_vllm/program/registry/quarantine/ov_sampling/gumbel.py	113	comp	GumbelArgmaxTempBf16	1	reg
verity_vllm/program/registry/ref_prims.py	195	prim	F32Sub	1	reg
verity_vllm/program/registry/ref_prims.py	201	prim	F32Sqrt	1	reg
verity_vllm/program/registry/ref_prims.py	210	prim	F32MaxRef	1	reg
verity_vllm/program/registry/ref_prims.py	219	prim	F32GtStrict	1	reg
verity_vllm/program/registry/ref_prims.py	225	prim	F32ExpRn	1	reg
verity_vllm/program/registry/ref_prims.py	231	prim	F32ErfRn	1	reg
verity_vllm/program/registry/ref_prims.py	237	prim	F32TanhRn	1	reg
verity_vllm/program/registry/ref_prims.py	347	comp	DotRef	1	reg
verity_vllm/program/registry/ref_prims.py	366	comp	LinearRef	1	reg
verity_vllm/program/registry/ref_prims.py	389	comp	RMSNormRef	1	reg
verity_vllm/program/registry/ref_prims.py	415	comp	LayerNormRef	1	reg
verity_vllm/program/registry/ref_prims.py	447	comp	GeluRefElem	1	reg
verity_vllm/program/registry/ref_prims.py	475	comp	GeluRef	1	reg
verity_vllm/program/registry/ref_prims.py	484	comp	SiluRefElem	1	reg
verity_vllm/program/registry/ref_prims.py	493	comp	SiluRef	1	reg
verity_vllm/program/registry/ref_prims.py	500	comp	SoftmaxRef	1	reg
verity_vllm/program/registry/ref_prims.py	522	comp	RoPERef	1	reg
verity_vllm/program/registry/ref_prims.py	545	comp	RoPEHeadsRef	1	reg
verity_vllm/program/registry/ref_prims.py	561	comp	EagerAttentionHeadRef	1	reg
verity_vllm/program/registry/ref_prims.py	591	comp	EagerAttentionRef	1	reg
verity_vllm/program/registry/ref_prims.py	617	comp	EmbeddingRef	1	reg
verity_vllm/program/registry/ref_prims.py	629	comp	AddRef	1	reg
verity_vllm/program/registry/ref_prims.py	637	comp	MulRef	1	reg
verity_vllm/program/registry/ref_prims.py	647	comp	ReluRef	1	reg
verity_vllm/program/registry/ref_prims.py	658	comp	RoPEInterleavedRef	1	reg
verity_vllm/program/registry/ref_prims.py	695	comp	RoPEHeadGptJ	1	reg
verity_vllm/program/registry/ref_prims.py	711	comp	RoPEGptJ	1	reg
verity_vllm/program/registry/ref_prims.py	722	prim	I64ToI32	1	reg
verity_vllm/program/registry/ref_prims.py	733	comp	ArgmaxStepF32	1	reg
verity_vllm/program/registry/ref_prims.py	746	comp	ArgmaxRef	1	reg
verity_vllm/program/registry/ref_prims.py	260	prim	f:f'GatherF32x{vocab}'	1	reg
verity_vllm/program/registry/sampling.py	299	prim	GumbelStreamKey	1	reg
verity_vllm/program/registry/sampling.py	304	prim	GumbelNoiseLane	1	reg
verity_vllm/program/registry/sampling.py	312	prim	F32Eq	1	reg
verity_vllm/program/registry/sampling.py	318	prim	BitOr	1	reg
verity_vllm/program/registry/sampling.py	333	comp	TemperatureLane	1	reg
verity_vllm/program/registry/sampling.py	343	comp	TemperatureScale	1	reg
verity_vllm/program/registry/sampling.py	353	comp	GumbelSelectStep	1	reg
verity_vllm/program/registry/sampling.py	368	comp	GumbelSelectF32	1	reg
verity_vllm/program/registry/sampling.py	384	comp	GumbelTokenSelect	1	reg
verity_vllm/program/registry/sampling.py	462	comp	TopPMaskStep	1	reg
verity_vllm/program/registry/sampling.py	470	comp	TopPMask	1	reg
verity_vllm/program/registry/sampling.py	481	comp	GumbelTopPTokenSelect	1	reg
verity_vllm/program/registry/sampling.py	442	prim	f:f'TopPMaskWordx{vocab}'	1	reg
verity_vllm/program/registry/sampling.py	456	prim	f:f'BitAtx{width}'	1	reg
verity_vllm/program/registry/sampling_topp_difftest.py	113	comp	GumbelTopPTokenSelectDifftest	1	noreg
verity_vllm/program/registry/serve3.py	52	comp	PadGuard	1	reg
verity_vllm/program/registry/serve3.py	78	comp	PadDecodeStep	1	reg
verity_vllm/program/registry/serve3.py	118	comp	Serve	3	reg
verity_vllm/program/registry/spec.py	64	comp	Accept	1	reg
verity_vllm/program/registry/spec.py	96	comp	Advance	1	reg
verity_vllm/program/registry/spec.py	125	comp	AttnBlockN	1	reg
verity_vllm/program/registry/spec.py	174	comp	AttentionHeadN	1	reg
verity_vllm/program/registry/spec.py	208	comp	AttentionN	1	reg
verity_vllm/program/registry/spec.py	272	comp	VerifyBranch	1	reg
verity_vllm/program/registry/spec.py	291	comp	ServeDraft	1	reg
verity_vllm/program/registry/spec.py	311	comp	ServeSpec	1	reg
verity_vllm/program/workload.py	208	comp	WorkloadRequest	1	noreg
verity_vllm/program/workload.py	372	comp	Workload	1	noreg
verity_vllm/properties/admission.py	162	comp	DiffTest	1	noreg
verity/evaluation/reference.py	101	comp	EvaluationStandalone	1	noreg
verity/ir/codec.py	496	comp	f:f'{name}'	?:int(ver)	noreg
verity/ir/defs.py	520	prim	?:name	?:version	reg
verity/ir/defs.py	530	comp	?:name	?:version	reg
verity/ir/program.py	93	comp	f:f'Root[{fn.id}]'	1	noreg
verity/ir/program.py	28	prim	f:f'Input{w}'	1	reg
verity/ml/gemm.py	27	comp	DotBf16	2	reg
verity/ml/gemm.py	38	comp	GemmCoordinate	2	reg
verity/ml/gemm.py	45	comp	Gemm	2	reg
verity/ml/prims.py	30	prim	Bf16ToF32	1	reg
verity/ml/prims.py	36	prim	F32ToBf16Rn	1	reg
verity/ml/prims.py	44	prim	F2fpBf16	1	reg
verity/ml/prims.py	52	prim	AmpereBF16TcDot16	2	reg
verity/ml/prims.py	62	prim	HopperBF16WgmmaDot16	1	reg
verity/ml/prims.py	81	prim	f:f'Const{w}[0x{bits:0{w // 4}x}]'	1	reg
