id	remote	local	json_extract(manifest_json,"$.meta.tag")
art:cea16745549798273d42528c64a041e6ce295960e2a9376fefe96fe20a089109	1	1	a3p4
art:825d719cfbfcea6cdfcab8a35dbe35c9a4c87508d04112e824c3281732f6e791	1	1	a1p4
art:ec1a4e9daf45a70cb1916276cb251adee3c1ed05362e88137b20dbbfaa996b73	1	1	a3p8
art:6f69ac69ebabacc9d39c8366660b170e7bdcebadfc4c3da15830654dbebdfcfa	1	1	a1p8
art:13653532dea9a56274105f6e2194568cce6ddaa98f595e11aebc1e9254b8b228	1	1	avu
art:8e2e9571e708142e3aec12fd52cb4220e843034d1d183245ad4f74b509808932	1	1	a3p4r2
art:abd2c8ab2eceee627ca0284d60cf776605653c6a25e5ce3ff1c15568aadaca3b	1	1	a1p4r2
art:183b094a49746190e0c119919beeebaa78a0281d8ea8455f578d7f92f6a956d9	1	1	a3p8r2
art:15bd14c6b449402ef6b854d7218c96540644b41ef2a2e38309cf5274094d451a	1	1	a1p8r2
